trial_id,kernel,duration_ns
0,FLOATING_POINT_GEMM,73700
1,FLOATING_POINT_GEMM,53600
2,FLOATING_POINT_GEMM,51800
3,FLOATING_POINT_GEMM,53800
4,FLOATING_POINT_GEMM,53400
5,FLOATING_POINT_GEMM,52500
6,FLOATING_POINT_GEMM,53600
7,FLOATING_POINT_GEMM,79200
8,FLOATING_POINT_GEMM,112900
9,FLOATING_POINT_GEMM,52300
10,FLOATING_POINT_GEMM,51700
11,FLOATING_POINT_GEMM,52000
12,FLOATING_POINT_GEMM,52000
13,FLOATING_POINT_GEMM,71900
14,FLOATING_POINT_GEMM,52800
15,FLOATING_POINT_GEMM,52700
16,FLOATING_POINT_GEMM,52700
17,FLOATING_POINT_GEMM,53200
18,FLOATING_POINT_GEMM,61100
19,FLOATING_POINT_GEMM,52000
20,FLOATING_POINT_GEMM,51900
21,FLOATING_POINT_GEMM,51900
22,FLOATING_POINT_GEMM,52000
23,FLOATING_POINT_GEMM,55600
24,FLOATING_POINT_GEMM,51800
25,FLOATING_POINT_GEMM,52100
26,FLOATING_POINT_GEMM,81500
27,FLOATING_POINT_GEMM,68500
28,FLOATING_POINT_GEMM,58400
29,FLOATING_POINT_GEMM,55100
30,FLOATING_POINT_GEMM,55100
31,FLOATING_POINT_GEMM,90600
32,FLOATING_POINT_GEMM,82700
33,FLOATING_POINT_GEMM,53200
34,FLOATING_POINT_GEMM,53500
35,FLOATING_POINT_GEMM,55200
36,FLOATING_POINT_GEMM,53100
37,FLOATING_POINT_GEMM,53300
38,FLOATING_POINT_GEMM,53700
39,FLOATING_POINT_GEMM,52800
40,FLOATING_POINT_GEMM,53200
41,FLOATING_POINT_GEMM,53500
42,FLOATING_POINT_GEMM,53600
43,FLOATING_POINT_GEMM,53700
44,FLOATING_POINT_GEMM,53000
45,FLOATING_POINT_GEMM,53200
46,FLOATING_POINT_GEMM,53600
47,FLOATING_POINT_GEMM,53600
48,FLOATING_POINT_GEMM,52900
49,FLOATING_POINT_GEMM,88300
50,FLOATING_POINT_GEMM,53500
51,FLOATING_POINT_GEMM,53700
52,FLOATING_POINT_GEMM,53200
53,FLOATING_POINT_GEMM,53900
54,FLOATING_POINT_GEMM,53000
55,FLOATING_POINT_GEMM,53500
56,FLOATING_POINT_GEMM,53400
57,FLOATING_POINT_GEMM,55700
58,FLOATING_POINT_GEMM,55000
59,FLOATING_POINT_GEMM,53500
60,FLOATING_POINT_GEMM,52800
61,FLOATING_POINT_GEMM,53700
62,FLOATING_POINT_GEMM,53200
63,FLOATING_POINT_GEMM,53400
64,FLOATING_POINT_GEMM,53500
65,FLOATING_POINT_GEMM,53600
66,FLOATING_POINT_GEMM,53600
67,FLOATING_POINT_GEMM,53700
68,FLOATING_POINT_GEMM,93900
69,FLOATING_POINT_GEMM,52500
70,FLOATING_POINT_GEMM,52600
71,FLOATING_POINT_GEMM,81100
72,FLOATING_POINT_GEMM,52900
73,FLOATING_POINT_GEMM,51900
74,FLOATING_POINT_GEMM,52500
75,FLOATING_POINT_GEMM,55600
76,FLOATING_POINT_GEMM,139400
77,FLOATING_POINT_GEMM,52400
78,FLOATING_POINT_GEMM,52700
79,FLOATING_POINT_GEMM,52800
80,FLOATING_POINT_GEMM,53200
81,FLOATING_POINT_GEMM,53500
82,FLOATING_POINT_GEMM,53400
83,FLOATING_POINT_GEMM,67100
84,FLOATING_POINT_GEMM,53300
85,FLOATING_POINT_GEMM,53600
86,FLOATING_POINT_GEMM,53000
87,FLOATING_POINT_GEMM,53500
88,FLOATING_POINT_GEMM,53100
89,FLOATING_POINT_GEMM,53400
90,FLOATING_POINT_GEMM,53400
91,FLOATING_POINT_GEMM,52000
92,FLOATING_POINT_GEMM,53400
93,FLOATING_POINT_GEMM,53500
94,FLOATING_POINT_GEMM,53500
95,FLOATING_POINT_GEMM,53000
96,FLOATING_POINT_GEMM,52600
97,FLOATING_POINT_GEMM,53100
98,FLOATING_POINT_GEMM,53200
99,FLOATING_POINT_GEMM,53300
100,FLOATING_POINT_GEMM,52500
101,FLOATING_POINT_GEMM,90900
102,FLOATING_POINT_GEMM,53200
103,FLOATING_POINT_GEMM,53500
104,FLOATING_POINT_GEMM,53000
105,FLOATING_POINT_GEMM,81100
106,FLOATING_POINT_GEMM,52100
107,FLOATING_POINT_GEMM,52000
108,FLOATING_POINT_GEMM,55800
109,FLOATING_POINT_GEMM,52100
110,FLOATING_POINT_GEMM,52000
111,FLOATING_POINT_GEMM,52000
112,FLOATING_POINT_GEMM,52000
113,FLOATING_POINT_GEMM,52100
114,FLOATING_POINT_GEMM,52000
115,FLOATING_POINT_GEMM,52000
116,FLOATING_POINT_GEMM,649900
117,FLOATING_POINT_GEMM,55000
118,FLOATING_POINT_GEMM,54000
119,FLOATING_POINT_GEMM,54500
120,FLOATING_POINT_GEMM,54200
121,FLOATING_POINT_GEMM,54400
122,FLOATING_POINT_GEMM,54300
123,FLOATING_POINT_GEMM,54600
124,FLOATING_POINT_GEMM,54300
125,FLOATING_POINT_GEMM,54400
126,FLOATING_POINT_GEMM,54500
127,FLOATING_POINT_GEMM,54300
128,FLOATING_POINT_GEMM,54400
129,FLOATING_POINT_GEMM,54500
130,FLOATING_POINT_GEMM,54400
131,FLOATING_POINT_GEMM,54300
132,FLOATING_POINT_GEMM,54400
133,FLOATING_POINT_GEMM,54400
134,FLOATING_POINT_GEMM,58000
135,FLOATING_POINT_GEMM,54500
136,FLOATING_POINT_GEMM,55800
137,FLOATING_POINT_GEMM,54400
138,FLOATING_POINT_GEMM,54400
139,FLOATING_POINT_GEMM,54400
140,FLOATING_POINT_GEMM,54400
141,FLOATING_POINT_GEMM,54400
142,FLOATING_POINT_GEMM,54400
143,FLOATING_POINT_GEMM,54300
144,FLOATING_POINT_GEMM,75900
145,FLOATING_POINT_GEMM,53300
146,FLOATING_POINT_GEMM,53300
147,FLOATING_POINT_GEMM,53100
148,FLOATING_POINT_GEMM,53300
149,FLOATING_POINT_GEMM,53400
150,FLOATING_POINT_GEMM,52700
151,FLOATING_POINT_GEMM,53400
152,FLOATING_POINT_GEMM,56500
153,FLOATING_POINT_GEMM,53200
154,FLOATING_POINT_GEMM,53400
155,FLOATING_POINT_GEMM,53200
156,FLOATING_POINT_GEMM,52900
157,FLOATING_POINT_GEMM,53300
158,FLOATING_POINT_GEMM,53100
159,FLOATING_POINT_GEMM,53000
160,FLOATING_POINT_GEMM,53100
161,FLOATING_POINT_GEMM,90900
162,FLOATING_POINT_GEMM,53500
163,FLOATING_POINT_GEMM,53400
164,FLOATING_POINT_GEMM,52900
165,FLOATING_POINT_GEMM,53500
166,FLOATING_POINT_GEMM,53200
167,FLOATING_POINT_GEMM,53400
168,FLOATING_POINT_GEMM,53000
169,FLOATING_POINT_GEMM,53500
170,FLOATING_POINT_GEMM,53100
171,FLOATING_POINT_GEMM,53200
172,FLOATING_POINT_GEMM,68200
173,FLOATING_POINT_GEMM,52900
174,FLOATING_POINT_GEMM,52900
175,FLOATING_POINT_GEMM,53100
176,FLOATING_POINT_GEMM,53000
177,FLOATING_POINT_GEMM,52900
178,FLOATING_POINT_GEMM,52900
179,FLOATING_POINT_GEMM,52900
180,FLOATING_POINT_GEMM,61600
181,FLOATING_POINT_GEMM,54400
182,FLOATING_POINT_GEMM,54400
183,FLOATING_POINT_GEMM,54400
184,FLOATING_POINT_GEMM,54400
185,FLOATING_POINT_GEMM,54400
186,FLOATING_POINT_GEMM,54400
187,FLOATING_POINT_GEMM,54400
188,FLOATING_POINT_GEMM,57800
189,FLOATING_POINT_GEMM,54400
190,FLOATING_POINT_GEMM,54300
191,FLOATING_POINT_GEMM,54400
192,FLOATING_POINT_GEMM,54300
193,FLOATING_POINT_GEMM,54400
194,FLOATING_POINT_GEMM,54300
195,FLOATING_POINT_GEMM,54400
196,FLOATING_POINT_GEMM,54300
197,FLOATING_POINT_GEMM,54400
198,FLOATING_POINT_GEMM,54300
199,FLOATING_POINT_GEMM,54400
200,FLOATING_POINT_GEMM,54500
201,FLOATING_POINT_GEMM,54300
202,FLOATING_POINT_GEMM,54300
203,FLOATING_POINT_GEMM,54400
204,FLOATING_POINT_GEMM,54400
205,FLOATING_POINT_GEMM,54200
206,FLOATING_POINT_GEMM,56500
207,FLOATING_POINT_GEMM,56000
208,FLOATING_POINT_GEMM,54400
209,FLOATING_POINT_GEMM,54300
210,FLOATING_POINT_GEMM,54500
211,FLOATING_POINT_GEMM,54400
212,FLOATING_POINT_GEMM,54300
213,FLOATING_POINT_GEMM,54300
214,FLOATING_POINT_GEMM,54400
215,FLOATING_POINT_GEMM,54400
216,FLOATING_POINT_GEMM,54300
217,FLOATING_POINT_GEMM,62200
218,FLOATING_POINT_GEMM,54800
219,FLOATING_POINT_GEMM,53300
220,FLOATING_POINT_GEMM,53100
221,FLOATING_POINT_GEMM,53100
222,FLOATING_POINT_GEMM,53000
223,FLOATING_POINT_GEMM,53100
224,FLOATING_POINT_GEMM,53300
225,FLOATING_POINT_GEMM,53100
226,FLOATING_POINT_GEMM,53000
227,FLOATING_POINT_GEMM,53500
228,FLOATING_POINT_GEMM,53200
229,FLOATING_POINT_GEMM,53300
230,FLOATING_POINT_GEMM,53500
231,FLOATING_POINT_GEMM,53700
232,FLOATING_POINT_GEMM,53100
233,FLOATING_POINT_GEMM,53400
234,FLOATING_POINT_GEMM,74300
235,FLOATING_POINT_GEMM,54500
236,FLOATING_POINT_GEMM,54400
237,FLOATING_POINT_GEMM,54400
238,FLOATING_POINT_GEMM,54400
239,FLOATING_POINT_GEMM,54500
240,FLOATING_POINT_GEMM,54400
241,FLOATING_POINT_GEMM,54400
242,FLOATING_POINT_GEMM,54700
243,FLOATING_POINT_GEMM,57800
244,FLOATING_POINT_GEMM,54400
245,FLOATING_POINT_GEMM,54400
246,FLOATING_POINT_GEMM,54500
247,FLOATING_POINT_GEMM,54400
248,FLOATING_POINT_GEMM,54300
249,FLOATING_POINT_GEMM,54300
250,FLOATING_POINT_GEMM,54500
251,FLOATING_POINT_GEMM,54400
252,FLOATING_POINT_GEMM,54300
253,FLOATING_POINT_GEMM,65900
254,FLOATING_POINT_GEMM,54500
255,FLOATING_POINT_GEMM,54400
256,FLOATING_POINT_GEMM,54400
257,FLOATING_POINT_GEMM,56700
258,FLOATING_POINT_GEMM,56800
259,FLOATING_POINT_GEMM,56700
260,FLOATING_POINT_GEMM,58000
261,FLOATING_POINT_GEMM,58900
262,FLOATING_POINT_GEMM,56700
263,FLOATING_POINT_GEMM,56800
264,FLOATING_POINT_GEMM,56700
265,FLOATING_POINT_GEMM,56800
266,FLOATING_POINT_GEMM,56700
267,FLOATING_POINT_GEMM,56500
268,FLOATING_POINT_GEMM,56700
269,FLOATING_POINT_GEMM,56700
270,FLOATING_POINT_GEMM,56600
271,FLOATING_POINT_GEMM,56700
272,FLOATING_POINT_GEMM,56600
273,FLOATING_POINT_GEMM,56600
274,FLOATING_POINT_GEMM,56800
275,FLOATING_POINT_GEMM,56700
276,FLOATING_POINT_GEMM,56800
277,FLOATING_POINT_GEMM,56700
278,FLOATING_POINT_GEMM,56700
279,FLOATING_POINT_GEMM,56600
280,FLOATING_POINT_GEMM,56700
281,FLOATING_POINT_GEMM,56500
282,FLOATING_POINT_GEMM,56700
283,FLOATING_POINT_GEMM,56700
284,FLOATING_POINT_GEMM,56700
285,FLOATING_POINT_GEMM,56600
286,FLOATING_POINT_GEMM,56800
287,FLOATING_POINT_GEMM,56600
288,FLOATING_POINT_GEMM,64900
289,FLOATING_POINT_GEMM,56400
290,FLOATING_POINT_GEMM,56700
291,FLOATING_POINT_GEMM,56600
292,FLOATING_POINT_GEMM,56700
293,FLOATING_POINT_GEMM,56700
294,FLOATING_POINT_GEMM,56600
295,FLOATING_POINT_GEMM,57900
296,FLOATING_POINT_GEMM,61000
297,FLOATING_POINT_GEMM,57400
298,FLOATING_POINT_GEMM,56400
299,FLOATING_POINT_GEMM,56400
300,FLOATING_POINT_GEMM,56400
301,FLOATING_POINT_GEMM,56500
302,FLOATING_POINT_GEMM,56500
303,FLOATING_POINT_GEMM,56000
304,FLOATING_POINT_GEMM,70800
305,FLOATING_POINT_GEMM,56400
306,FLOATING_POINT_GEMM,56400
307,FLOATING_POINT_GEMM,56400
308,FLOATING_POINT_GEMM,56400
309,FLOATING_POINT_GEMM,56400
310,FLOATING_POINT_GEMM,56500
311,FLOATING_POINT_GEMM,56500
312,FLOATING_POINT_GEMM,56500
313,FLOATING_POINT_GEMM,62300
314,FLOATING_POINT_GEMM,57300
315,FLOATING_POINT_GEMM,57200
316,FLOATING_POINT_GEMM,57200
317,FLOATING_POINT_GEMM,57100
318,FLOATING_POINT_GEMM,57200
319,FLOATING_POINT_GEMM,57200
320,FLOATING_POINT_GEMM,57200
321,FLOATING_POINT_GEMM,57200
322,FLOATING_POINT_GEMM,57300
323,FLOATING_POINT_GEMM,66800
324,FLOATING_POINT_GEMM,56900
325,FLOATING_POINT_GEMM,55500
326,FLOATING_POINT_GEMM,55300
327,FLOATING_POINT_GEMM,54800
328,FLOATING_POINT_GEMM,54500
329,FLOATING_POINT_GEMM,54500
330,FLOATING_POINT_GEMM,57900
331,FLOATING_POINT_GEMM,55800
332,FLOATING_POINT_GEMM,54300
333,FLOATING_POINT_GEMM,54300
334,FLOATING_POINT_GEMM,54600
335,FLOATING_POINT_GEMM,54300
336,FLOATING_POINT_GEMM,54300
337,FLOATING_POINT_GEMM,55500
338,FLOATING_POINT_GEMM,55600
339,FLOATING_POINT_GEMM,54200
340,FLOATING_POINT_GEMM,54200
341,FLOATING_POINT_GEMM,55700
342,FLOATING_POINT_GEMM,55700
343,FLOATING_POINT_GEMM,55400
344,FLOATING_POINT_GEMM,55600
345,FLOATING_POINT_GEMM,54500
346,FLOATING_POINT_GEMM,55700
347,FLOATING_POINT_GEMM,55400
348,FLOATING_POINT_GEMM,57100
349,FLOATING_POINT_GEMM,59100
350,FLOATING_POINT_GEMM,56000
351,FLOATING_POINT_GEMM,56000
352,FLOATING_POINT_GEMM,55300
353,FLOATING_POINT_GEMM,56000
354,FLOATING_POINT_GEMM,56000
355,FLOATING_POINT_GEMM,54500
356,FLOATING_POINT_GEMM,54800
357,FLOATING_POINT_GEMM,55300
358,FLOATING_POINT_GEMM,55900
359,FLOATING_POINT_GEMM,64300
360,FLOATING_POINT_GEMM,56100
361,FLOATING_POINT_GEMM,60500
362,FLOATING_POINT_GEMM,60700
363,FLOATING_POINT_GEMM,58800
364,FLOATING_POINT_GEMM,59200
365,FLOATING_POINT_GEMM,59100
366,FLOATING_POINT_GEMM,59400
367,FLOATING_POINT_GEMM,58800
368,FLOATING_POINT_GEMM,59000
369,FLOATING_POINT_GEMM,58900
370,FLOATING_POINT_GEMM,58800
371,FLOATING_POINT_GEMM,59200
372,FLOATING_POINT_GEMM,58900
373,FLOATING_POINT_GEMM,58900
374,FLOATING_POINT_GEMM,74000
375,FLOATING_POINT_GEMM,57300
376,FLOATING_POINT_GEMM,59000
377,FLOATING_POINT_GEMM,58900
378,FLOATING_POINT_GEMM,58900
379,FLOATING_POINT_GEMM,58400
380,FLOATING_POINT_GEMM,59000
381,FLOATING_POINT_GEMM,57900
382,FLOATING_POINT_GEMM,60600
383,FLOATING_POINT_GEMM,62800
384,FLOATING_POINT_GEMM,59300
385,FLOATING_POINT_GEMM,58700
386,FLOATING_POINT_GEMM,59300
387,FLOATING_POINT_GEMM,61000
388,FLOATING_POINT_GEMM,58500
389,FLOATING_POINT_GEMM,59300
390,FLOATING_POINT_GEMM,58000
391,FLOATING_POINT_GEMM,59200
392,FLOATING_POINT_GEMM,69200
393,FLOATING_POINT_GEMM,56200
394,FLOATING_POINT_GEMM,56600
395,FLOATING_POINT_GEMM,56100
396,FLOATING_POINT_GEMM,56300
397,FLOATING_POINT_GEMM,56300
398,FLOATING_POINT_GEMM,56200
399,FLOATING_POINT_GEMM,58000
400,FLOATING_POINT_GEMM,60500
401,FLOATING_POINT_GEMM,98400
402,FLOATING_POINT_GEMM,54600
403,FLOATING_POINT_GEMM,55200
404,FLOATING_POINT_GEMM,54000
405,FLOATING_POINT_GEMM,148200
406,FLOATING_POINT_GEMM,57300
407,FLOATING_POINT_GEMM,56300
408,FLOATING_POINT_GEMM,56200
409,FLOATING_POINT_GEMM,56500
410,FLOATING_POINT_GEMM,56300
411,FLOATING_POINT_GEMM,56200
412,FLOATING_POINT_GEMM,56400
413,FLOATING_POINT_GEMM,56400
414,FLOATING_POINT_GEMM,56700
415,FLOATING_POINT_GEMM,59800
416,FLOATING_POINT_GEMM,56300
417,FLOATING_POINT_GEMM,56400
418,FLOATING_POINT_GEMM,56400
419,FLOATING_POINT_GEMM,56200
420,FLOATING_POINT_GEMM,56400
421,FLOATING_POINT_GEMM,56400
422,FLOATING_POINT_GEMM,56500
423,FLOATING_POINT_GEMM,56400
424,FLOATING_POINT_GEMM,72700
425,FLOATING_POINT_GEMM,56200
426,FLOATING_POINT_GEMM,56400
427,FLOATING_POINT_GEMM,56300
428,FLOATING_POINT_GEMM,74000
429,FLOATING_POINT_GEMM,56400
430,FLOATING_POINT_GEMM,56400
431,FLOATING_POINT_GEMM,56500
432,FLOATING_POINT_GEMM,56700
433,FLOATING_POINT_GEMM,61900
434,FLOATING_POINT_GEMM,56700
435,FLOATING_POINT_GEMM,56700
436,FLOATING_POINT_GEMM,56900
437,FLOATING_POINT_GEMM,56800
438,FLOATING_POINT_GEMM,56700
439,FLOATING_POINT_GEMM,56500
440,FLOATING_POINT_GEMM,81600
441,FLOATING_POINT_GEMM,56500
442,FLOATING_POINT_GEMM,56800
443,FLOATING_POINT_GEMM,56400
444,FLOATING_POINT_GEMM,56400
445,FLOATING_POINT_GEMM,56800
446,FLOATING_POINT_GEMM,56800
447,FLOATING_POINT_GEMM,56400
448,FLOATING_POINT_GEMM,76800
449,FLOATING_POINT_GEMM,60500
450,FLOATING_POINT_GEMM,56800
451,FLOATING_POINT_GEMM,58100
452,FLOATING_POINT_GEMM,56800
453,FLOATING_POINT_GEMM,56800
454,FLOATING_POINT_GEMM,56700
455,FLOATING_POINT_GEMM,56800
456,FLOATING_POINT_GEMM,56900
457,FLOATING_POINT_GEMM,56800
458,FLOATING_POINT_GEMM,56800
459,FLOATING_POINT_GEMM,56500
460,FLOATING_POINT_GEMM,56800
461,FLOATING_POINT_GEMM,56800
462,FLOATING_POINT_GEMM,64500
463,FLOATING_POINT_GEMM,56500
464,FLOATING_POINT_GEMM,55800
465,FLOATING_POINT_GEMM,58000
466,FLOATING_POINT_GEMM,59000
467,FLOATING_POINT_GEMM,60700
468,FLOATING_POINT_GEMM,58200
469,FLOATING_POINT_GEMM,57900
470,FLOATING_POINT_GEMM,57900
471,FLOATING_POINT_GEMM,56900
472,FLOATING_POINT_GEMM,58300
473,FLOATING_POINT_GEMM,57900
474,FLOATING_POINT_GEMM,57500
475,FLOATING_POINT_GEMM,57200
476,FLOATING_POINT_GEMM,58400
477,FLOATING_POINT_GEMM,56800
478,FLOATING_POINT_GEMM,55500
479,FLOATING_POINT_GEMM,57100
480,FLOATING_POINT_GEMM,56800
481,FLOATING_POINT_GEMM,57800
482,FLOATING_POINT_GEMM,57300
483,FLOATING_POINT_GEMM,58400
484,FLOATING_POINT_GEMM,61800
485,FLOATING_POINT_GEMM,58000
486,FLOATING_POINT_GEMM,56800
487,FLOATING_POINT_GEMM,58100
488,FLOATING_POINT_GEMM,60900
489,FLOATING_POINT_GEMM,58800
490,FLOATING_POINT_GEMM,99900
491,FLOATING_POINT_GEMM,58300
492,FLOATING_POINT_GEMM,87100
493,FLOATING_POINT_GEMM,56100
494,FLOATING_POINT_GEMM,57000
495,FLOATING_POINT_GEMM,56900
496,FLOATING_POINT_GEMM,57100
497,FLOATING_POINT_GEMM,57700
498,FLOATING_POINT_GEMM,57600
499,FLOATING_POINT_GEMM,61100
500,FLOATING_POINT_GEMM,56900
501,FLOATING_POINT_GEMM,57700
502,FLOATING_POINT_GEMM,109300
503,FLOATING_POINT_GEMM,60200
504,FLOATING_POINT_GEMM,59400
505,FLOATING_POINT_GEMM,58100
506,FLOATING_POINT_GEMM,103500
507,FLOATING_POINT_GEMM,57900
508,FLOATING_POINT_GEMM,56400
509,FLOATING_POINT_GEMM,56500
510,FLOATING_POINT_GEMM,55600
511,FLOATING_POINT_GEMM,56200
512,FLOATING_POINT_GEMM,55500
513,FLOATING_POINT_GEMM,55900
514,FLOATING_POINT_GEMM,57600
515,FLOATING_POINT_GEMM,60100
516,FLOATING_POINT_GEMM,55300
517,FLOATING_POINT_GEMM,55700
518,FLOATING_POINT_GEMM,55600
519,FLOATING_POINT_GEMM,56100
520,FLOATING_POINT_GEMM,56200
521,FLOATING_POINT_GEMM,55400
522,FLOATING_POINT_GEMM,55800
523,FLOATING_POINT_GEMM,55300
524,FLOATING_POINT_GEMM,55500
525,FLOATING_POINT_GEMM,55300
526,FLOATING_POINT_GEMM,80200
527,FLOATING_POINT_GEMM,55500
528,FLOATING_POINT_GEMM,55800
529,FLOATING_POINT_GEMM,55500
530,FLOATING_POINT_GEMM,56300
531,FLOATING_POINT_GEMM,55400
532,FLOATING_POINT_GEMM,55700
533,FLOATING_POINT_GEMM,55300
534,FLOATING_POINT_GEMM,56400
535,FLOATING_POINT_GEMM,55900
536,FLOATING_POINT_GEMM,55500
537,FLOATING_POINT_GEMM,55300
538,FLOATING_POINT_GEMM,55600
539,FLOATING_POINT_GEMM,55400
540,FLOATING_POINT_GEMM,55500
541,FLOATING_POINT_GEMM,55700
542,FLOATING_POINT_GEMM,55400
543,FLOATING_POINT_GEMM,55200
544,FLOATING_POINT_GEMM,55900
545,FLOATING_POINT_GEMM,55500
546,FLOATING_POINT_GEMM,55500
547,FLOATING_POINT_GEMM,55600
548,FLOATING_POINT_GEMM,55800
549,FLOATING_POINT_GEMM,55600
550,FLOATING_POINT_GEMM,59700
551,FLOATING_POINT_GEMM,57700
552,FLOATING_POINT_GEMM,57600
553,FLOATING_POINT_GEMM,56300
554,FLOATING_POINT_GEMM,56000
555,FLOATING_POINT_GEMM,56500
556,FLOATING_POINT_GEMM,56100
557,FLOATING_POINT_GEMM,56000
558,FLOATING_POINT_GEMM,56100
559,FLOATING_POINT_GEMM,56200
560,FLOATING_POINT_GEMM,56100
561,FLOATING_POINT_GEMM,68100
562,FLOATING_POINT_GEMM,55700
563,FLOATING_POINT_GEMM,56100
564,FLOATING_POINT_GEMM,56200
565,FLOATING_POINT_GEMM,56400
566,FLOATING_POINT_GEMM,55600
567,FLOATING_POINT_GEMM,57900
568,FLOATING_POINT_GEMM,57400
569,FLOATING_POINT_GEMM,55900
570,FLOATING_POINT_GEMM,55700
571,FLOATING_POINT_GEMM,55800
572,FLOATING_POINT_GEMM,56800
573,FLOATING_POINT_GEMM,55900
574,FLOATING_POINT_GEMM,56100
575,FLOATING_POINT_GEMM,73700
576,FLOATING_POINT_GEMM,55700
577,FLOATING_POINT_GEMM,55800
578,FLOATING_POINT_GEMM,56200
579,FLOATING_POINT_GEMM,59200
580,FLOATING_POINT_GEMM,55600
581,FLOATING_POINT_GEMM,56400
582,FLOATING_POINT_GEMM,56700
583,FLOATING_POINT_GEMM,56700
584,FLOATING_POINT_GEMM,56000
585,FLOATING_POINT_GEMM,59700
586,FLOATING_POINT_GEMM,55700
587,FLOATING_POINT_GEMM,56400
588,FLOATING_POINT_GEMM,55700
589,FLOATING_POINT_GEMM,56000
590,FLOATING_POINT_GEMM,56200
591,FLOATING_POINT_GEMM,55700
592,FLOATING_POINT_GEMM,55700
593,FLOATING_POINT_GEMM,55700
594,FLOATING_POINT_GEMM,55800
595,FLOATING_POINT_GEMM,56300
596,FLOATING_POINT_GEMM,70100
597,FLOATING_POINT_GEMM,55500
598,FLOATING_POINT_GEMM,55400
599,FLOATING_POINT_GEMM,56200
0,CACHE_WANDERING_MEM,243800
1,CACHE_WANDERING_MEM,176900
2,CACHE_WANDERING_MEM,159300
3,CACHE_WANDERING_MEM,143700
4,CACHE_WANDERING_MEM,144700
5,CACHE_WANDERING_MEM,138800
6,CACHE_WANDERING_MEM,140100
7,CACHE_WANDERING_MEM,145300
8,CACHE_WANDERING_MEM,138300
9,CACHE_WANDERING_MEM,138200
10,CACHE_WANDERING_MEM,130400
11,CACHE_WANDERING_MEM,183300
12,CACHE_WANDERING_MEM,137500
13,CACHE_WANDERING_MEM,139100
14,CACHE_WANDERING_MEM,136600
15,CACHE_WANDERING_MEM,131300
16,CACHE_WANDERING_MEM,132100
17,CACHE_WANDERING_MEM,206100
18,CACHE_WANDERING_MEM,133100
19,CACHE_WANDERING_MEM,135800
20,CACHE_WANDERING_MEM,133700
21,CACHE_WANDERING_MEM,130000
22,CACHE_WANDERING_MEM,134700
23,CACHE_WANDERING_MEM,139900
24,CACHE_WANDERING_MEM,132900
25,CACHE_WANDERING_MEM,162200
26,CACHE_WANDERING_MEM,137200
27,CACHE_WANDERING_MEM,137700
28,CACHE_WANDERING_MEM,134600
29,CACHE_WANDERING_MEM,132700
30,CACHE_WANDERING_MEM,134200
31,CACHE_WANDERING_MEM,131800
32,CACHE_WANDERING_MEM,146500
33,CACHE_WANDERING_MEM,225000
34,CACHE_WANDERING_MEM,179900
35,CACHE_WANDERING_MEM,226800
36,CACHE_WANDERING_MEM,191700
37,CACHE_WANDERING_MEM,178600
38,CACHE_WANDERING_MEM,203000
39,CACHE_WANDERING_MEM,190500
40,CACHE_WANDERING_MEM,188500
41,CACHE_WANDERING_MEM,300800
42,CACHE_WANDERING_MEM,153000
43,CACHE_WANDERING_MEM,148400
44,CACHE_WANDERING_MEM,156400
45,CACHE_WANDERING_MEM,155700
46,CACHE_WANDERING_MEM,171400
47,CACHE_WANDERING_MEM,166100
48,CACHE_WANDERING_MEM,164000
49,CACHE_WANDERING_MEM,153900
50,CACHE_WANDERING_MEM,183500
51,CACHE_WANDERING_MEM,146400
52,CACHE_WANDERING_MEM,149900
53,CACHE_WANDERING_MEM,145900
54,CACHE_WANDERING_MEM,138600
55,CACHE_WANDERING_MEM,136300
56,CACHE_WANDERING_MEM,131500
57,CACHE_WANDERING_MEM,132900
58,CACHE_WANDERING_MEM,131300
59,CACHE_WANDERING_MEM,127000
60,CACHE_WANDERING_MEM,127800
61,CACHE_WANDERING_MEM,125700
62,CACHE_WANDERING_MEM,127200
63,CACHE_WANDERING_MEM,127600
64,CACHE_WANDERING_MEM,154900
65,CACHE_WANDERING_MEM,130000
66,CACHE_WANDERING_MEM,132700
67,CACHE_WANDERING_MEM,132000
68,CACHE_WANDERING_MEM,165400
69,CACHE_WANDERING_MEM,144800
70,CACHE_WANDERING_MEM,142000
71,CACHE_WANDERING_MEM,133400
72,CACHE_WANDERING_MEM,143800
73,CACHE_WANDERING_MEM,142200
74,CACHE_WANDERING_MEM,139800
75,CACHE_WANDERING_MEM,138800
76,CACHE_WANDERING_MEM,138100
77,CACHE_WANDERING_MEM,129700
78,CACHE_WANDERING_MEM,129200
79,CACHE_WANDERING_MEM,160700
80,CACHE_WANDERING_MEM,131100
81,CACHE_WANDERING_MEM,127700
82,CACHE_WANDERING_MEM,139000
83,CACHE_WANDERING_MEM,126100
84,CACHE_WANDERING_MEM,131200
85,CACHE_WANDERING_MEM,145300
86,CACHE_WANDERING_MEM,137100
87,CACHE_WANDERING_MEM,130800
88,CACHE_WANDERING_MEM,130800
89,CACHE_WANDERING_MEM,127700
90,CACHE_WANDERING_MEM,127000
91,CACHE_WANDERING_MEM,132500
92,CACHE_WANDERING_MEM,127700
93,CACHE_WANDERING_MEM,126300
94,CACHE_WANDERING_MEM,162300
95,CACHE_WANDERING_MEM,129700
96,CACHE_WANDERING_MEM,127200
97,CACHE_WANDERING_MEM,162800
98,CACHE_WANDERING_MEM,134200
99,CACHE_WANDERING_MEM,186500
100,CACHE_WANDERING_MEM,145700
101,CACHE_WANDERING_MEM,144000
102,CACHE_WANDERING_MEM,132400
103,CACHE_WANDERING_MEM,129100
104,CACHE_WANDERING_MEM,132300
105,CACHE_WANDERING_MEM,133500
106,CACHE_WANDERING_MEM,144300
107,CACHE_WANDERING_MEM,245600
108,CACHE_WANDERING_MEM,148300
109,CACHE_WANDERING_MEM,142500
110,CACHE_WANDERING_MEM,142800
111,CACHE_WANDERING_MEM,145700
112,CACHE_WANDERING_MEM,137300
113,CACHE_WANDERING_MEM,134400
114,CACHE_WANDERING_MEM,139600
115,CACHE_WANDERING_MEM,132200
116,CACHE_WANDERING_MEM,128000
117,CACHE_WANDERING_MEM,127600
118,CACHE_WANDERING_MEM,126800
119,CACHE_WANDERING_MEM,124900
120,CACHE_WANDERING_MEM,127100
121,CACHE_WANDERING_MEM,129400
122,CACHE_WANDERING_MEM,160400
123,CACHE_WANDERING_MEM,131900
124,CACHE_WANDERING_MEM,129700
125,CACHE_WANDERING_MEM,186600
126,CACHE_WANDERING_MEM,138200
127,CACHE_WANDERING_MEM,137300
128,CACHE_WANDERING_MEM,142400
129,CACHE_WANDERING_MEM,141000
130,CACHE_WANDERING_MEM,131500
131,CACHE_WANDERING_MEM,131600
132,CACHE_WANDERING_MEM,125700
133,CACHE_WANDERING_MEM,130600
134,CACHE_WANDERING_MEM,128600
135,CACHE_WANDERING_MEM,130900
136,CACHE_WANDERING_MEM,157600
137,CACHE_WANDERING_MEM,140200
138,CACHE_WANDERING_MEM,169700
139,CACHE_WANDERING_MEM,140400
140,CACHE_WANDERING_MEM,140900
141,CACHE_WANDERING_MEM,150500
142,CACHE_WANDERING_MEM,149700
143,CACHE_WANDERING_MEM,135000
144,CACHE_WANDERING_MEM,141300
145,CACHE_WANDERING_MEM,208500
146,CACHE_WANDERING_MEM,204300
147,CACHE_WANDERING_MEM,206800
148,CACHE_WANDERING_MEM,311100
149,CACHE_WANDERING_MEM,208300
150,CACHE_WANDERING_MEM,269700
151,CACHE_WANDERING_MEM,184600
152,CACHE_WANDERING_MEM,300800
153,CACHE_WANDERING_MEM,187700
154,CACHE_WANDERING_MEM,165400
155,CACHE_WANDERING_MEM,164800
156,CACHE_WANDERING_MEM,161900
157,CACHE_WANDERING_MEM,214200
158,CACHE_WANDERING_MEM,164700
159,CACHE_WANDERING_MEM,183600
160,CACHE_WANDERING_MEM,157900
161,CACHE_WANDERING_MEM,157600
162,CACHE_WANDERING_MEM,164300
163,CACHE_WANDERING_MEM,158100
164,CACHE_WANDERING_MEM,149600
165,CACHE_WANDERING_MEM,149300
166,CACHE_WANDERING_MEM,142900
167,CACHE_WANDERING_MEM,141900
168,CACHE_WANDERING_MEM,139800
169,CACHE_WANDERING_MEM,141400
170,CACHE_WANDERING_MEM,153800
171,CACHE_WANDERING_MEM,134900
172,CACHE_WANDERING_MEM,132200
173,CACHE_WANDERING_MEM,171600
174,CACHE_WANDERING_MEM,138900
175,CACHE_WANDERING_MEM,143100
176,CACHE_WANDERING_MEM,147600
177,CACHE_WANDERING_MEM,139700
178,CACHE_WANDERING_MEM,138700
179,CACHE_WANDERING_MEM,128900
180,CACHE_WANDERING_MEM,132400
181,CACHE_WANDERING_MEM,139900
182,CACHE_WANDERING_MEM,162500
183,CACHE_WANDERING_MEM,148100
184,CACHE_WANDERING_MEM,146300
185,CACHE_WANDERING_MEM,158700
186,CACHE_WANDERING_MEM,151100
187,CACHE_WANDERING_MEM,150700
188,CACHE_WANDERING_MEM,133200
189,CACHE_WANDERING_MEM,142000
190,CACHE_WANDERING_MEM,138800
191,CACHE_WANDERING_MEM,127200
192,CACHE_WANDERING_MEM,124000
193,CACHE_WANDERING_MEM,124300
194,CACHE_WANDERING_MEM,133500
195,CACHE_WANDERING_MEM,133000
196,CACHE_WANDERING_MEM,125900
197,CACHE_WANDERING_MEM,128000
198,CACHE_WANDERING_MEM,145300
199,CACHE_WANDERING_MEM,129700
200,CACHE_WANDERING_MEM,131000
201,CACHE_WANDERING_MEM,131800
202,CACHE_WANDERING_MEM,205800
203,CACHE_WANDERING_MEM,136700
204,CACHE_WANDERING_MEM,134400
205,CACHE_WANDERING_MEM,127900
206,CACHE_WANDERING_MEM,132000
207,CACHE_WANDERING_MEM,125300
208,CACHE_WANDERING_MEM,125000
209,CACHE_WANDERING_MEM,128000
210,CACHE_WANDERING_MEM,123400
211,CACHE_WANDERING_MEM,126000
212,CACHE_WANDERING_MEM,126000
213,CACHE_WANDERING_MEM,150300
214,CACHE_WANDERING_MEM,130200
215,CACHE_WANDERING_MEM,131600
216,CACHE_WANDERING_MEM,131800
217,CACHE_WANDERING_MEM,139600
218,CACHE_WANDERING_MEM,136400
219,CACHE_WANDERING_MEM,133200
220,CACHE_WANDERING_MEM,129000
221,CACHE_WANDERING_MEM,127600
222,CACHE_WANDERING_MEM,127900
223,CACHE_WANDERING_MEM,126000
224,CACHE_WANDERING_MEM,123100
225,CACHE_WANDERING_MEM,123000
226,CACHE_WANDERING_MEM,125700
227,CACHE_WANDERING_MEM,123800
228,CACHE_WANDERING_MEM,127200
229,CACHE_WANDERING_MEM,158500
230,CACHE_WANDERING_MEM,139100
231,CACHE_WANDERING_MEM,131500
232,CACHE_WANDERING_MEM,168100
233,CACHE_WANDERING_MEM,128600
234,CACHE_WANDERING_MEM,130900
235,CACHE_WANDERING_MEM,132000
236,CACHE_WANDERING_MEM,128300
237,CACHE_WANDERING_MEM,129600
238,CACHE_WANDERING_MEM,127000
239,CACHE_WANDERING_MEM,124400
240,CACHE_WANDERING_MEM,127400
241,CACHE_WANDERING_MEM,125700
242,CACHE_WANDERING_MEM,123300
243,CACHE_WANDERING_MEM,127200
244,CACHE_WANDERING_MEM,169400
245,CACHE_WANDERING_MEM,131400
246,CACHE_WANDERING_MEM,124600
247,CACHE_WANDERING_MEM,125800
248,CACHE_WANDERING_MEM,132600
249,CACHE_WANDERING_MEM,134400
250,CACHE_WANDERING_MEM,133000
251,CACHE_WANDERING_MEM,132800
252,CACHE_WANDERING_MEM,125400
253,CACHE_WANDERING_MEM,127700
254,CACHE_WANDERING_MEM,126100
255,CACHE_WANDERING_MEM,129600
256,CACHE_WANDERING_MEM,138700
257,CACHE_WANDERING_MEM,124000
258,CACHE_WANDERING_MEM,124000
259,CACHE_WANDERING_MEM,174500
260,CACHE_WANDERING_MEM,155600
261,CACHE_WANDERING_MEM,236100
262,CACHE_WANDERING_MEM,172900
263,CACHE_WANDERING_MEM,161100
264,CACHE_WANDERING_MEM,168700
265,CACHE_WANDERING_MEM,160400
266,CACHE_WANDERING_MEM,155200
267,CACHE_WANDERING_MEM,160300
268,CACHE_WANDERING_MEM,154800
269,CACHE_WANDERING_MEM,150500
270,CACHE_WANDERING_MEM,145500
271,CACHE_WANDERING_MEM,164000
272,CACHE_WANDERING_MEM,143100
273,CACHE_WANDERING_MEM,135500
274,CACHE_WANDERING_MEM,151800
275,CACHE_WANDERING_MEM,154700
276,CACHE_WANDERING_MEM,155800
277,CACHE_WANDERING_MEM,139600
278,CACHE_WANDERING_MEM,141500
279,CACHE_WANDERING_MEM,133700
280,CACHE_WANDERING_MEM,131600
281,CACHE_WANDERING_MEM,132200
282,CACHE_WANDERING_MEM,129700
283,CACHE_WANDERING_MEM,129200
284,CACHE_WANDERING_MEM,133600
285,CACHE_WANDERING_MEM,156500
286,CACHE_WANDERING_MEM,136900
287,CACHE_WANDERING_MEM,130400
288,CACHE_WANDERING_MEM,185600
289,CACHE_WANDERING_MEM,137100
290,CACHE_WANDERING_MEM,127100
291,CACHE_WANDERING_MEM,128400
292,CACHE_WANDERING_MEM,130900
293,CACHE_WANDERING_MEM,125900
294,CACHE_WANDERING_MEM,122500
295,CACHE_WANDERING_MEM,123200
296,CACHE_WANDERING_MEM,124500
297,CACHE_WANDERING_MEM,124800
298,CACHE_WANDERING_MEM,130100
299,CACHE_WANDERING_MEM,129400
300,CACHE_WANDERING_MEM,158900
301,CACHE_WANDERING_MEM,137400
302,CACHE_WANDERING_MEM,129800
303,CACHE_WANDERING_MEM,124900
304,CACHE_WANDERING_MEM,125300
305,CACHE_WANDERING_MEM,125000
306,CACHE_WANDERING_MEM,126300
307,CACHE_WANDERING_MEM,127700
308,CACHE_WANDERING_MEM,129600
309,CACHE_WANDERING_MEM,124200
310,CACHE_WANDERING_MEM,121300
311,CACHE_WANDERING_MEM,123500
312,CACHE_WANDERING_MEM,121700
313,CACHE_WANDERING_MEM,122400
314,CACHE_WANDERING_MEM,118500
315,CACHE_WANDERING_MEM,123600
316,CACHE_WANDERING_MEM,147200
317,CACHE_WANDERING_MEM,126800
318,CACHE_WANDERING_MEM,151000
319,CACHE_WANDERING_MEM,145700
320,CACHE_WANDERING_MEM,144600
321,CACHE_WANDERING_MEM,141100
322,CACHE_WANDERING_MEM,132000
323,CACHE_WANDERING_MEM,127600
324,CACHE_WANDERING_MEM,123400
325,CACHE_WANDERING_MEM,124200
326,CACHE_WANDERING_MEM,125900
327,CACHE_WANDERING_MEM,123700
328,CACHE_WANDERING_MEM,123400
329,CACHE_WANDERING_MEM,123100
330,CACHE_WANDERING_MEM,125400
331,CACHE_WANDERING_MEM,157300
332,CACHE_WANDERING_MEM,138400
333,CACHE_WANDERING_MEM,142500
334,CACHE_WANDERING_MEM,139400
335,CACHE_WANDERING_MEM,137300
336,CACHE_WANDERING_MEM,130400
337,CACHE_WANDERING_MEM,129700
338,CACHE_WANDERING_MEM,130200
339,CACHE_WANDERING_MEM,123000
340,CACHE_WANDERING_MEM,123800
341,CACHE_WANDERING_MEM,124000
342,CACHE_WANDERING_MEM,123800
343,CACHE_WANDERING_MEM,124600
344,CACHE_WANDERING_MEM,121800
345,CACHE_WANDERING_MEM,122000
346,CACHE_WANDERING_MEM,142100
347,CACHE_WANDERING_MEM,129900
348,CACHE_WANDERING_MEM,126200
349,CACHE_WANDERING_MEM,145700
350,CACHE_WANDERING_MEM,124400
351,CACHE_WANDERING_MEM,123700
352,CACHE_WANDERING_MEM,123900
353,CACHE_WANDERING_MEM,120700
354,CACHE_WANDERING_MEM,126000
355,CACHE_WANDERING_MEM,121500
356,CACHE_WANDERING_MEM,123300
357,CACHE_WANDERING_MEM,125300
358,CACHE_WANDERING_MEM,133300
359,CACHE_WANDERING_MEM,136400
360,CACHE_WANDERING_MEM,136800
361,CACHE_WANDERING_MEM,133400
362,CACHE_WANDERING_MEM,148300
363,CACHE_WANDERING_MEM,128600
364,CACHE_WANDERING_MEM,125900
365,CACHE_WANDERING_MEM,124600
366,CACHE_WANDERING_MEM,128300
367,CACHE_WANDERING_MEM,124900
368,CACHE_WANDERING_MEM,123800
369,CACHE_WANDERING_MEM,130400
370,CACHE_WANDERING_MEM,129400
371,CACHE_WANDERING_MEM,133000
372,CACHE_WANDERING_MEM,132200
373,CACHE_WANDERING_MEM,134300
374,CACHE_WANDERING_MEM,130700
375,CACHE_WANDERING_MEM,128100
376,CACHE_WANDERING_MEM,217200
377,CACHE_WANDERING_MEM,145900
378,CACHE_WANDERING_MEM,160300
379,CACHE_WANDERING_MEM,154500
380,CACHE_WANDERING_MEM,140700
381,CACHE_WANDERING_MEM,259100
382,CACHE_WANDERING_MEM,258100
383,CACHE_WANDERING_MEM,221300
384,CACHE_WANDERING_MEM,205700
385,CACHE_WANDERING_MEM,185200
386,CACHE_WANDERING_MEM,171900
387,CACHE_WANDERING_MEM,180900
388,CACHE_WANDERING_MEM,339000
389,CACHE_WANDERING_MEM,186600
390,CACHE_WANDERING_MEM,157200
391,CACHE_WANDERING_MEM,153900
392,CACHE_WANDERING_MEM,166400
393,CACHE_WANDERING_MEM,163100
394,CACHE_WANDERING_MEM,165700
395,CACHE_WANDERING_MEM,155600
396,CACHE_WANDERING_MEM,147400
397,CACHE_WANDERING_MEM,148700
398,CACHE_WANDERING_MEM,190600
399,CACHE_WANDERING_MEM,145100
400,CACHE_WANDERING_MEM,209400
401,CACHE_WANDERING_MEM,149900
402,CACHE_WANDERING_MEM,136500
403,CACHE_WANDERING_MEM,130100
404,CACHE_WANDERING_MEM,135900
405,CACHE_WANDERING_MEM,129800
406,CACHE_WANDERING_MEM,129700
407,CACHE_WANDERING_MEM,127900
408,CACHE_WANDERING_MEM,126500
409,CACHE_WANDERING_MEM,125700
410,CACHE_WANDERING_MEM,126900
411,CACHE_WANDERING_MEM,125300
412,CACHE_WANDERING_MEM,131300
413,CACHE_WANDERING_MEM,152800
414,CACHE_WANDERING_MEM,137600
415,CACHE_WANDERING_MEM,133400
416,CACHE_WANDERING_MEM,131100
417,CACHE_WANDERING_MEM,126300
418,CACHE_WANDERING_MEM,129900
419,CACHE_WANDERING_MEM,128600
420,CACHE_WANDERING_MEM,131200
421,CACHE_WANDERING_MEM,127400
422,CACHE_WANDERING_MEM,164800
423,CACHE_WANDERING_MEM,130900
424,CACHE_WANDERING_MEM,126000
425,CACHE_WANDERING_MEM,124400
426,CACHE_WANDERING_MEM,123400
427,CACHE_WANDERING_MEM,125000
428,CACHE_WANDERING_MEM,136500
429,CACHE_WANDERING_MEM,154100
430,CACHE_WANDERING_MEM,143500
431,CACHE_WANDERING_MEM,136200
432,CACHE_WANDERING_MEM,135300
433,CACHE_WANDERING_MEM,132400
434,CACHE_WANDERING_MEM,131500
435,CACHE_WANDERING_MEM,130200
436,CACHE_WANDERING_MEM,130500
437,CACHE_WANDERING_MEM,126700
438,CACHE_WANDERING_MEM,126200
439,CACHE_WANDERING_MEM,126300
440,CACHE_WANDERING_MEM,122700
441,CACHE_WANDERING_MEM,125300
442,CACHE_WANDERING_MEM,127500
443,CACHE_WANDERING_MEM,151000
444,CACHE_WANDERING_MEM,139400
445,CACHE_WANDERING_MEM,141500
446,CACHE_WANDERING_MEM,141200
447,CACHE_WANDERING_MEM,147100
448,CACHE_WANDERING_MEM,142300
449,CACHE_WANDERING_MEM,135900
450,CACHE_WANDERING_MEM,134100
451,CACHE_WANDERING_MEM,128300
452,CACHE_WANDERING_MEM,129100
453,CACHE_WANDERING_MEM,126800
454,CACHE_WANDERING_MEM,135500
455,CACHE_WANDERING_MEM,130100
456,CACHE_WANDERING_MEM,126100
457,CACHE_WANDERING_MEM,147900
458,CACHE_WANDERING_MEM,134600
459,CACHE_WANDERING_MEM,165700
460,CACHE_WANDERING_MEM,144300
461,CACHE_WANDERING_MEM,134800
462,CACHE_WANDERING_MEM,132500
463,CACHE_WANDERING_MEM,134000
464,CACHE_WANDERING_MEM,127700
465,CACHE_WANDERING_MEM,128900
466,CACHE_WANDERING_MEM,127800
467,CACHE_WANDERING_MEM,126400
468,CACHE_WANDERING_MEM,127700
469,CACHE_WANDERING_MEM,123500
470,CACHE_WANDERING_MEM,127700
471,CACHE_WANDERING_MEM,127400
472,CACHE_WANDERING_MEM,149100
473,CACHE_WANDERING_MEM,131200
474,CACHE_WANDERING_MEM,126300
475,CACHE_WANDERING_MEM,128300
476,CACHE_WANDERING_MEM,126900
477,CACHE_WANDERING_MEM,131100
478,CACHE_WANDERING_MEM,129500
479,CACHE_WANDERING_MEM,124200
480,CACHE_WANDERING_MEM,197000
481,CACHE_WANDERING_MEM,144200
482,CACHE_WANDERING_MEM,134900
483,CACHE_WANDERING_MEM,144300
484,CACHE_WANDERING_MEM,139300
485,CACHE_WANDERING_MEM,135100
486,CACHE_WANDERING_MEM,140300
487,CACHE_WANDERING_MEM,159900
488,CACHE_WANDERING_MEM,169600
489,CACHE_WANDERING_MEM,143000
490,CACHE_WANDERING_MEM,146500
491,CACHE_WANDERING_MEM,142800
492,CACHE_WANDERING_MEM,147000
493,CACHE_WANDERING_MEM,147400
494,CACHE_WANDERING_MEM,220100
495,CACHE_WANDERING_MEM,230500
496,CACHE_WANDERING_MEM,239800
497,CACHE_WANDERING_MEM,186000
498,CACHE_WANDERING_MEM,301700
499,CACHE_WANDERING_MEM,186900
500,CACHE_WANDERING_MEM,288300
501,CACHE_WANDERING_MEM,247500
502,CACHE_WANDERING_MEM,172800
503,CACHE_WANDERING_MEM,165400
504,CACHE_WANDERING_MEM,151500
505,CACHE_WANDERING_MEM,165200
506,CACHE_WANDERING_MEM,179500
507,CACHE_WANDERING_MEM,154600
508,CACHE_WANDERING_MEM,151600
509,CACHE_WANDERING_MEM,224700
510,CACHE_WANDERING_MEM,152700
511,CACHE_WANDERING_MEM,150600
512,CACHE_WANDERING_MEM,144600
513,CACHE_WANDERING_MEM,144600
514,CACHE_WANDERING_MEM,133700
515,CACHE_WANDERING_MEM,128300
516,CACHE_WANDERING_MEM,127800
517,CACHE_WANDERING_MEM,126200
518,CACHE_WANDERING_MEM,126600
519,CACHE_WANDERING_MEM,125500
520,CACHE_WANDERING_MEM,131500
521,CACHE_WANDERING_MEM,129300
522,CACHE_WANDERING_MEM,126700
523,CACHE_WANDERING_MEM,128200
524,CACHE_WANDERING_MEM,155000
525,CACHE_WANDERING_MEM,126900
526,CACHE_WANDERING_MEM,127800
527,CACHE_WANDERING_MEM,131500
528,CACHE_WANDERING_MEM,131900
529,CACHE_WANDERING_MEM,124900
530,CACHE_WANDERING_MEM,129000
531,CACHE_WANDERING_MEM,128200
532,CACHE_WANDERING_MEM,124600
533,CACHE_WANDERING_MEM,126600
534,CACHE_WANDERING_MEM,129000
535,CACHE_WANDERING_MEM,128000
536,CACHE_WANDERING_MEM,131100
537,CACHE_WANDERING_MEM,121700
538,CACHE_WANDERING_MEM,158000
539,CACHE_WANDERING_MEM,151300
540,CACHE_WANDERING_MEM,131700
541,CACHE_WANDERING_MEM,127400
542,CACHE_WANDERING_MEM,123100
543,CACHE_WANDERING_MEM,126500
544,CACHE_WANDERING_MEM,124700
545,CACHE_WANDERING_MEM,126900
546,CACHE_WANDERING_MEM,130400
547,CACHE_WANDERING_MEM,133800
548,CACHE_WANDERING_MEM,124400
549,CACHE_WANDERING_MEM,129300
550,CACHE_WANDERING_MEM,125200
551,CACHE_WANDERING_MEM,123200
552,CACHE_WANDERING_MEM,124700
553,CACHE_WANDERING_MEM,123400
554,CACHE_WANDERING_MEM,148700
555,CACHE_WANDERING_MEM,135200
556,CACHE_WANDERING_MEM,137700
557,CACHE_WANDERING_MEM,133000
558,CACHE_WANDERING_MEM,142100
559,CACHE_WANDERING_MEM,130400
560,CACHE_WANDERING_MEM,127200
561,CACHE_WANDERING_MEM,126200
562,CACHE_WANDERING_MEM,131400
563,CACHE_WANDERING_MEM,127100
564,CACHE_WANDERING_MEM,129900
565,CACHE_WANDERING_MEM,195500
566,CACHE_WANDERING_MEM,133900
567,CACHE_WANDERING_MEM,130100
568,CACHE_WANDERING_MEM,165800
569,CACHE_WANDERING_MEM,151700
570,CACHE_WANDERING_MEM,126100
571,CACHE_WANDERING_MEM,138200
572,CACHE_WANDERING_MEM,136900
573,CACHE_WANDERING_MEM,133600
574,CACHE_WANDERING_MEM,128900
575,CACHE_WANDERING_MEM,129600
576,CACHE_WANDERING_MEM,128100
577,CACHE_WANDERING_MEM,125700
578,CACHE_WANDERING_MEM,127200
579,CACHE_WANDERING_MEM,124100
580,CACHE_WANDERING_MEM,127500
581,CACHE_WANDERING_MEM,130100
582,CACHE_WANDERING_MEM,125500
583,CACHE_WANDERING_MEM,126200
584,CACHE_WANDERING_MEM,165900
585,CACHE_WANDERING_MEM,138000
586,CACHE_WANDERING_MEM,144400
587,CACHE_WANDERING_MEM,142300
588,CACHE_WANDERING_MEM,138500
589,CACHE_WANDERING_MEM,132200
590,CACHE_WANDERING_MEM,130200
591,CACHE_WANDERING_MEM,132600
592,CACHE_WANDERING_MEM,127200
593,CACHE_WANDERING_MEM,127400
594,CACHE_WANDERING_MEM,134300
595,CACHE_WANDERING_MEM,128700
596,CACHE_WANDERING_MEM,134100
597,CACHE_WANDERING_MEM,140500
598,CACHE_WANDERING_MEM,195900
599,CACHE_WANDERING_MEM,134200
0,BITWISE_ALU_LOGIC,322700
1,BITWISE_ALU_LOGIC,302600
2,BITWISE_ALU_LOGIC,302500
3,BITWISE_ALU_LOGIC,302000
4,BITWISE_ALU_LOGIC,360300
5,BITWISE_ALU_LOGIC,351500
6,BITWISE_ALU_LOGIC,304600
7,BITWISE_ALU_LOGIC,303900
8,BITWISE_ALU_LOGIC,372500
9,BITWISE_ALU_LOGIC,324300
10,BITWISE_ALU_LOGIC,309100
11,BITWISE_ALU_LOGIC,351800
12,BITWISE_ALU_LOGIC,306200
13,BITWISE_ALU_LOGIC,332500
14,BITWISE_ALU_LOGIC,310200
15,BITWISE_ALU_LOGIC,304000
16,BITWISE_ALU_LOGIC,307200
17,BITWISE_ALU_LOGIC,308200
18,BITWISE_ALU_LOGIC,308100
19,BITWISE_ALU_LOGIC,319400
20,BITWISE_ALU_LOGIC,302300
21,BITWISE_ALU_LOGIC,301400
22,BITWISE_ALU_LOGIC,305300
23,BITWISE_ALU_LOGIC,306100
24,BITWISE_ALU_LOGIC,327900
25,BITWISE_ALU_LOGIC,332500
26,BITWISE_ALU_LOGIC,303000
27,BITWISE_ALU_LOGIC,308700
28,BITWISE_ALU_LOGIC,304600
29,BITWISE_ALU_LOGIC,307200
30,BITWISE_ALU_LOGIC,304900
31,BITWISE_ALU_LOGIC,300400
32,BITWISE_ALU_LOGIC,314200
33,BITWISE_ALU_LOGIC,301300
34,BITWISE_ALU_LOGIC,301700
35,BITWISE_ALU_LOGIC,302100
36,BITWISE_ALU_LOGIC,301700
37,BITWISE_ALU_LOGIC,322900
38,BITWISE_ALU_LOGIC,311900
39,BITWISE_ALU_LOGIC,302700
40,BITWISE_ALU_LOGIC,315900
41,BITWISE_ALU_LOGIC,300900
42,BITWISE_ALU_LOGIC,304600
43,BITWISE_ALU_LOGIC,300600
44,BITWISE_ALU_LOGIC,301200
45,BITWISE_ALU_LOGIC,301300
46,BITWISE_ALU_LOGIC,301000
47,BITWISE_ALU_LOGIC,310200
48,BITWISE_ALU_LOGIC,302100
49,BITWISE_ALU_LOGIC,305200
50,BITWISE_ALU_LOGIC,319200
51,BITWISE_ALU_LOGIC,301600
52,BITWISE_ALU_LOGIC,305500
53,BITWISE_ALU_LOGIC,355300
54,BITWISE_ALU_LOGIC,304700
55,BITWISE_ALU_LOGIC,314600
56,BITWISE_ALU_LOGIC,304800
57,BITWISE_ALU_LOGIC,332400
58,BITWISE_ALU_LOGIC,685500
59,BITWISE_ALU_LOGIC,324700
60,BITWISE_ALU_LOGIC,332000
61,BITWISE_ALU_LOGIC,333000
62,BITWISE_ALU_LOGIC,300200
63,BITWISE_ALU_LOGIC,321600
64,BITWISE_ALU_LOGIC,300000
65,BITWISE_ALU_LOGIC,299100
66,BITWISE_ALU_LOGIC,297400
67,BITWISE_ALU_LOGIC,297500
68,BITWISE_ALU_LOGIC,299200
69,BITWISE_ALU_LOGIC,299300
70,BITWISE_ALU_LOGIC,311900
71,BITWISE_ALU_LOGIC,299600
72,BITWISE_ALU_LOGIC,298200
73,BITWISE_ALU_LOGIC,299800
74,BITWISE_ALU_LOGIC,320100
75,BITWISE_ALU_LOGIC,300200
76,BITWISE_ALU_LOGIC,299100
77,BITWISE_ALU_LOGIC,333200
78,BITWISE_ALU_LOGIC,296900
79,BITWISE_ALU_LOGIC,298200
80,BITWISE_ALU_LOGIC,305800
81,BITWISE_ALU_LOGIC,301700
82,BITWISE_ALU_LOGIC,301100
83,BITWISE_ALU_LOGIC,309400
84,BITWISE_ALU_LOGIC,299400
85,BITWISE_ALU_LOGIC,301900
86,BITWISE_ALU_LOGIC,302900
87,BITWISE_ALU_LOGIC,354700
88,BITWISE_ALU_LOGIC,302200
89,BITWISE_ALU_LOGIC,302000
90,BITWISE_ALU_LOGIC,313400
91,BITWISE_ALU_LOGIC,303500
92,BITWISE_ALU_LOGIC,302500
93,BITWISE_ALU_LOGIC,308800
94,BITWISE_ALU_LOGIC,303700
95,BITWISE_ALU_LOGIC,303400
96,BITWISE_ALU_LOGIC,315500
97,BITWISE_ALU_LOGIC,303300
98,BITWISE_ALU_LOGIC,304400
99,BITWISE_ALU_LOGIC,303500
100,BITWISE_ALU_LOGIC,320100
101,BITWISE_ALU_LOGIC,302700
102,BITWISE_ALU_LOGIC,301700
103,BITWISE_ALU_LOGIC,318400
104,BITWISE_ALU_LOGIC,303200
105,BITWISE_ALU_LOGIC,303500
106,BITWISE_ALU_LOGIC,303400
107,BITWISE_ALU_LOGIC,302600
108,BITWISE_ALU_LOGIC,354600
109,BITWISE_ALU_LOGIC,304400
110,BITWISE_ALU_LOGIC,351100
111,BITWISE_ALU_LOGIC,573500
112,BITWISE_ALU_LOGIC,486900
113,BITWISE_ALU_LOGIC,309700
114,BITWISE_ALU_LOGIC,314200
115,BITWISE_ALU_LOGIC,308000
116,BITWISE_ALU_LOGIC,340500
117,BITWISE_ALU_LOGIC,312800
118,BITWISE_ALU_LOGIC,309200
119,BITWISE_ALU_LOGIC,308100
120,BITWISE_ALU_LOGIC,312900
121,BITWISE_ALU_LOGIC,309100
122,BITWISE_ALU_LOGIC,335400
123,BITWISE_ALU_LOGIC,308800
124,BITWISE_ALU_LOGIC,331700
125,BITWISE_ALU_LOGIC,309300
126,BITWISE_ALU_LOGIC,312800
127,BITWISE_ALU_LOGIC,315700
128,BITWISE_ALU_LOGIC,312100
129,BITWISE_ALU_LOGIC,326600
130,BITWISE_ALU_LOGIC,318000
131,BITWISE_ALU_LOGIC,313200
132,BITWISE_ALU_LOGIC,312900
133,BITWISE_ALU_LOGIC,312900
134,BITWISE_ALU_LOGIC,326500
135,BITWISE_ALU_LOGIC,325200
136,BITWISE_ALU_LOGIC,359700
137,BITWISE_ALU_LOGIC,312900
138,BITWISE_ALU_LOGIC,312800
139,BITWISE_ALU_LOGIC,316900
140,BITWISE_ALU_LOGIC,313000
141,BITWISE_ALU_LOGIC,322000
142,BITWISE_ALU_LOGIC,312800
143,BITWISE_ALU_LOGIC,312900
144,BITWISE_ALU_LOGIC,312900
145,BITWISE_ALU_LOGIC,313900
146,BITWISE_ALU_LOGIC,312200
147,BITWISE_ALU_LOGIC,312500
148,BITWISE_ALU_LOGIC,319800
149,BITWISE_ALU_LOGIC,325400
150,BITWISE_ALU_LOGIC,310100
151,BITWISE_ALU_LOGIC,309900
152,BITWISE_ALU_LOGIC,310700
153,BITWISE_ALU_LOGIC,309200
154,BITWISE_ALU_LOGIC,319700
155,BITWISE_ALU_LOGIC,314600
156,BITWISE_ALU_LOGIC,311100
157,BITWISE_ALU_LOGIC,311100
158,BITWISE_ALU_LOGIC,310800
159,BITWISE_ALU_LOGIC,353800
160,BITWISE_ALU_LOGIC,315400
161,BITWISE_ALU_LOGIC,442900
162,BITWISE_ALU_LOGIC,421900
163,BITWISE_ALU_LOGIC,337300
164,BITWISE_ALU_LOGIC,315700
165,BITWISE_ALU_LOGIC,536800
166,BITWISE_ALU_LOGIC,315800
167,BITWISE_ALU_LOGIC,442300
168,BITWISE_ALU_LOGIC,365900
169,BITWISE_ALU_LOGIC,332500
170,BITWISE_ALU_LOGIC,312400
171,BITWISE_ALU_LOGIC,312800
172,BITWISE_ALU_LOGIC,356800
173,BITWISE_ALU_LOGIC,328900
174,BITWISE_ALU_LOGIC,312800
175,BITWISE_ALU_LOGIC,316100
176,BITWISE_ALU_LOGIC,314900
177,BITWISE_ALU_LOGIC,314900
178,BITWISE_ALU_LOGIC,321500
179,BITWISE_ALU_LOGIC,325300
180,BITWISE_ALU_LOGIC,316800
181,BITWISE_ALU_LOGIC,320900
182,BITWISE_ALU_LOGIC,316700
183,BITWISE_ALU_LOGIC,316900
184,BITWISE_ALU_LOGIC,317000
185,BITWISE_ALU_LOGIC,357800
186,BITWISE_ALU_LOGIC,314600
187,BITWISE_ALU_LOGIC,315600
188,BITWISE_ALU_LOGIC,311700
189,BITWISE_ALU_LOGIC,311700
190,BITWISE_ALU_LOGIC,314300
191,BITWISE_ALU_LOGIC,320100
192,BITWISE_ALU_LOGIC,309900
193,BITWISE_ALU_LOGIC,356600
194,BITWISE_ALU_LOGIC,314800
195,BITWISE_ALU_LOGIC,314200
196,BITWISE_ALU_LOGIC,314500
197,BITWISE_ALU_LOGIC,364300
198,BITWISE_ALU_LOGIC,336300
199,BITWISE_ALU_LOGIC,362900
200,BITWISE_ALU_LOGIC,318400
201,BITWISE_ALU_LOGIC,347000
202,BITWISE_ALU_LOGIC,322900
203,BITWISE_ALU_LOGIC,319600
204,BITWISE_ALU_LOGIC,319200
205,BITWISE_ALU_LOGIC,318500
206,BITWISE_ALU_LOGIC,318900
207,BITWISE_ALU_LOGIC,386700
208,BITWISE_ALU_LOGIC,326300
209,BITWISE_ALU_LOGIC,394200
210,BITWISE_ALU_LOGIC,363100
211,BITWISE_ALU_LOGIC,401300
212,BITWISE_ALU_LOGIC,320000
213,BITWISE_ALU_LOGIC,343700
214,BITWISE_ALU_LOGIC,495300
215,BITWISE_ALU_LOGIC,338700
216,BITWISE_ALU_LOGIC,317000
217,BITWISE_ALU_LOGIC,325000
218,BITWISE_ALU_LOGIC,320700
219,BITWISE_ALU_LOGIC,318200
220,BITWISE_ALU_LOGIC,348900
221,BITWISE_ALU_LOGIC,318800
222,BITWISE_ALU_LOGIC,332600
223,BITWISE_ALU_LOGIC,320600
224,BITWISE_ALU_LOGIC,320600
225,BITWISE_ALU_LOGIC,320300
226,BITWISE_ALU_LOGIC,323900
227,BITWISE_ALU_LOGIC,320600
228,BITWISE_ALU_LOGIC,331900
229,BITWISE_ALU_LOGIC,323500
230,BITWISE_ALU_LOGIC,320000
231,BITWISE_ALU_LOGIC,320800
232,BITWISE_ALU_LOGIC,338700
233,BITWISE_ALU_LOGIC,321200
234,BITWISE_ALU_LOGIC,331500
235,BITWISE_ALU_LOGIC,320700
236,BITWISE_ALU_LOGIC,320100
237,BITWISE_ALU_LOGIC,320000
238,BITWISE_ALU_LOGIC,325900
239,BITWISE_ALU_LOGIC,332600
240,BITWISE_ALU_LOGIC,321600
241,BITWISE_ALU_LOGIC,325300
242,BITWISE_ALU_LOGIC,321900
243,BITWISE_ALU_LOGIC,732500
244,BITWISE_ALU_LOGIC,327600
245,BITWISE_ALU_LOGIC,337500
246,BITWISE_ALU_LOGIC,423000
247,BITWISE_ALU_LOGIC,324500
248,BITWISE_ALU_LOGIC,322100
249,BITWISE_ALU_LOGIC,325200
250,BITWISE_ALU_LOGIC,325400
251,BITWISE_ALU_LOGIC,340300
252,BITWISE_ALU_LOGIC,328600
253,BITWISE_ALU_LOGIC,324900
254,BITWISE_ALU_LOGIC,324600
255,BITWISE_ALU_LOGIC,349800
256,BITWISE_ALU_LOGIC,339500
257,BITWISE_ALU_LOGIC,331900
258,BITWISE_ALU_LOGIC,412500
259,BITWISE_ALU_LOGIC,346200
260,BITWISE_ALU_LOGIC,358900
261,BITWISE_ALU_LOGIC,325000
262,BITWISE_ALU_LOGIC,610400
263,BITWISE_ALU_LOGIC,1020300
264,BITWISE_ALU_LOGIC,520200
265,BITWISE_ALU_LOGIC,329100
266,BITWISE_ALU_LOGIC,349800
267,BITWISE_ALU_LOGIC,325200
268,BITWISE_ALU_LOGIC,371000
269,BITWISE_ALU_LOGIC,407500
270,BITWISE_ALU_LOGIC,325200
271,BITWISE_ALU_LOGIC,341800
272,BITWISE_ALU_LOGIC,326600
273,BITWISE_ALU_LOGIC,325700
274,BITWISE_ALU_LOGIC,326000
275,BITWISE_ALU_LOGIC,475600
276,BITWISE_ALU_LOGIC,328600
277,BITWISE_ALU_LOGIC,343800
278,BITWISE_ALU_LOGIC,327400
279,BITWISE_ALU_LOGIC,327200
280,BITWISE_ALU_LOGIC,327300
281,BITWISE_ALU_LOGIC,327700
282,BITWISE_ALU_LOGIC,327500
283,BITWISE_ALU_LOGIC,342000
284,BITWISE_ALU_LOGIC,327700
285,BITWISE_ALU_LOGIC,328900
286,BITWISE_ALU_LOGIC,458200
287,BITWISE_ALU_LOGIC,345700
288,BITWISE_ALU_LOGIC,325700
289,BITWISE_ALU_LOGIC,346700
290,BITWISE_ALU_LOGIC,354700
291,BITWISE_ALU_LOGIC,339900
292,BITWISE_ALU_LOGIC,348200
293,BITWISE_ALU_LOGIC,372300
294,BITWISE_ALU_LOGIC,327300
295,BITWISE_ALU_LOGIC,326400
296,BITWISE_ALU_LOGIC,335600
297,BITWISE_ALU_LOGIC,376600
298,BITWISE_ALU_LOGIC,355700
299,BITWISE_ALU_LOGIC,344800
300,BITWISE_ALU_LOGIC,351000
301,BITWISE_ALU_LOGIC,328100
302,BITWISE_ALU_LOGIC,444200
303,BITWISE_ALU_LOGIC,371800
304,BITWISE_ALU_LOGIC,328200
305,BITWISE_ALU_LOGIC,410200
306,BITWISE_ALU_LOGIC,619000
307,BITWISE_ALU_LOGIC,493300
308,BITWISE_ALU_LOGIC,414300
309,BITWISE_ALU_LOGIC,470300
310,BITWISE_ALU_LOGIC,354300
311,BITWISE_ALU_LOGIC,325200
312,BITWISE_ALU_LOGIC,326000
313,BITWISE_ALU_LOGIC,326200
314,BITWISE_ALU_LOGIC,326600
315,BITWISE_ALU_LOGIC,331900
316,BITWISE_ALU_LOGIC,342800
317,BITWISE_ALU_LOGIC,329000
318,BITWISE_ALU_LOGIC,332400
319,BITWISE_ALU_LOGIC,367000
320,BITWISE_ALU_LOGIC,328400
321,BITWISE_ALU_LOGIC,331500
322,BITWISE_ALU_LOGIC,345000
323,BITWISE_ALU_LOGIC,333900
324,BITWISE_ALU_LOGIC,331000
325,BITWISE_ALU_LOGIC,328000
326,BITWISE_ALU_LOGIC,328200
327,BITWISE_ALU_LOGIC,328100
328,BITWISE_ALU_LOGIC,341500
329,BITWISE_ALU_LOGIC,524400
330,BITWISE_ALU_LOGIC,452500
331,BITWISE_ALU_LOGIC,329100
332,BITWISE_ALU_LOGIC,326800
333,BITWISE_ALU_LOGIC,328400
334,BITWISE_ALU_LOGIC,328900
335,BITWISE_ALU_LOGIC,351700
336,BITWISE_ALU_LOGIC,341800
337,BITWISE_ALU_LOGIC,329000
338,BITWISE_ALU_LOGIC,334600
339,BITWISE_ALU_LOGIC,331600
340,BITWISE_ALU_LOGIC,331600
341,BITWISE_ALU_LOGIC,381500
342,BITWISE_ALU_LOGIC,331700
343,BITWISE_ALU_LOGIC,331600
344,BITWISE_ALU_LOGIC,334400
345,BITWISE_ALU_LOGIC,331100
346,BITWISE_ALU_LOGIC,331100
347,BITWISE_ALU_LOGIC,345200
348,BITWISE_ALU_LOGIC,399200
349,BITWISE_ALU_LOGIC,331900
350,BITWISE_ALU_LOGIC,428200
351,BITWISE_ALU_LOGIC,542100
352,BITWISE_ALU_LOGIC,669200
353,BITWISE_ALU_LOGIC,424500
354,BITWISE_ALU_LOGIC,1037600
355,BITWISE_ALU_LOGIC,360800
356,BITWISE_ALU_LOGIC,368200
357,BITWISE_ALU_LOGIC,495900
358,BITWISE_ALU_LOGIC,555100
359,BITWISE_ALU_LOGIC,431600
360,BITWISE_ALU_LOGIC,404300
361,BITWISE_ALU_LOGIC,387100
362,BITWISE_ALU_LOGIC,478500
363,BITWISE_ALU_LOGIC,649000
364,BITWISE_ALU_LOGIC,433400
365,BITWISE_ALU_LOGIC,327600
366,BITWISE_ALU_LOGIC,361600
367,BITWISE_ALU_LOGIC,344700
368,BITWISE_ALU_LOGIC,420200
369,BITWISE_ALU_LOGIC,392700
370,BITWISE_ALU_LOGIC,367300
371,BITWISE_ALU_LOGIC,355600
372,BITWISE_ALU_LOGIC,353400
373,BITWISE_ALU_LOGIC,361300
374,BITWISE_ALU_LOGIC,359500
375,BITWISE_ALU_LOGIC,347200
376,BITWISE_ALU_LOGIC,369000
377,BITWISE_ALU_LOGIC,330200
378,BITWISE_ALU_LOGIC,328000
379,BITWISE_ALU_LOGIC,346900
380,BITWISE_ALU_LOGIC,362700
381,BITWISE_ALU_LOGIC,376000
382,BITWISE_ALU_LOGIC,337300
383,BITWISE_ALU_LOGIC,399900
384,BITWISE_ALU_LOGIC,346200
385,BITWISE_ALU_LOGIC,363100
386,BITWISE_ALU_LOGIC,325600
387,BITWISE_ALU_LOGIC,467500
388,BITWISE_ALU_LOGIC,480700
389,BITWISE_ALU_LOGIC,440200
390,BITWISE_ALU_LOGIC,459700
391,BITWISE_ALU_LOGIC,464500
392,BITWISE_ALU_LOGIC,328800
393,BITWISE_ALU_LOGIC,329500
394,BITWISE_ALU_LOGIC,324900
395,BITWISE_ALU_LOGIC,323400
396,BITWISE_ALU_LOGIC,344400
397,BITWISE_ALU_LOGIC,327100
398,BITWISE_ALU_LOGIC,322600
399,BITWISE_ALU_LOGIC,323000
400,BITWISE_ALU_LOGIC,326200
401,BITWISE_ALU_LOGIC,323100
402,BITWISE_ALU_LOGIC,362700
403,BITWISE_ALU_LOGIC,321100
404,BITWISE_ALU_LOGIC,323200
405,BITWISE_ALU_LOGIC,327500
406,BITWISE_ALU_LOGIC,323900
407,BITWISE_ALU_LOGIC,323700
408,BITWISE_ALU_LOGIC,323100
409,BITWISE_ALU_LOGIC,328600
410,BITWISE_ALU_LOGIC,320600
411,BITWISE_ALU_LOGIC,320700
412,BITWISE_ALU_LOGIC,322800
413,BITWISE_ALU_LOGIC,322300
414,BITWISE_ALU_LOGIC,360500
415,BITWISE_ALU_LOGIC,326100
416,BITWISE_ALU_LOGIC,320000
417,BITWISE_ALU_LOGIC,319700
418,BITWISE_ALU_LOGIC,320400
419,BITWISE_ALU_LOGIC,320200
420,BITWISE_ALU_LOGIC,321000
421,BITWISE_ALU_LOGIC,325600
422,BITWISE_ALU_LOGIC,317200
423,BITWISE_ALU_LOGIC,317900
424,BITWISE_ALU_LOGIC,314500
425,BITWISE_ALU_LOGIC,314300
426,BITWISE_ALU_LOGIC,328500
427,BITWISE_ALU_LOGIC,322700
428,BITWISE_ALU_LOGIC,314500
429,BITWISE_ALU_LOGIC,325300
430,BITWISE_ALU_LOGIC,314500
431,BITWISE_ALU_LOGIC,387000
432,BITWISE_ALU_LOGIC,451600
433,BITWISE_ALU_LOGIC,418700
434,BITWISE_ALU_LOGIC,316900
435,BITWISE_ALU_LOGIC,368300
436,BITWISE_ALU_LOGIC,606700
437,BITWISE_ALU_LOGIC,428600
438,BITWISE_ALU_LOGIC,315500
439,BITWISE_ALU_LOGIC,312300
440,BITWISE_ALU_LOGIC,352600
441,BITWISE_ALU_LOGIC,313600
442,BITWISE_ALU_LOGIC,314400
443,BITWISE_ALU_LOGIC,313700
444,BITWISE_ALU_LOGIC,317900
445,BITWISE_ALU_LOGIC,313900
446,BITWISE_ALU_LOGIC,329500
447,BITWISE_ALU_LOGIC,316700
448,BITWISE_ALU_LOGIC,316000
449,BITWISE_ALU_LOGIC,341600
450,BITWISE_ALU_LOGIC,326800
451,BITWISE_ALU_LOGIC,314400
452,BITWISE_ALU_LOGIC,317600
453,BITWISE_ALU_LOGIC,327600
454,BITWISE_ALU_LOGIC,314500
455,BITWISE_ALU_LOGIC,314700
456,BITWISE_ALU_LOGIC,314300
457,BITWISE_ALU_LOGIC,314500
458,BITWISE_ALU_LOGIC,328300
459,BITWISE_ALU_LOGIC,320600
460,BITWISE_ALU_LOGIC,312700
461,BITWISE_ALU_LOGIC,330100
462,BITWISE_ALU_LOGIC,310600
463,BITWISE_ALU_LOGIC,311700
464,BITWISE_ALU_LOGIC,311800
465,BITWISE_ALU_LOGIC,320800
466,BITWISE_ALU_LOGIC,310900
467,BITWISE_ALU_LOGIC,310800
468,BITWISE_ALU_LOGIC,314400
469,BITWISE_ALU_LOGIC,310000
470,BITWISE_ALU_LOGIC,310200
471,BITWISE_ALU_LOGIC,310200
472,BITWISE_ALU_LOGIC,318100
473,BITWISE_ALU_LOGIC,310100
474,BITWISE_ALU_LOGIC,321500
475,BITWISE_ALU_LOGIC,310200
476,BITWISE_ALU_LOGIC,311200
477,BITWISE_ALU_LOGIC,315100
478,BITWISE_ALU_LOGIC,317600
479,BITWISE_ALU_LOGIC,324200
480,BITWISE_ALU_LOGIC,312200
481,BITWISE_ALU_LOGIC,316800
482,BITWISE_ALU_LOGIC,313200
483,BITWISE_ALU_LOGIC,311700
484,BITWISE_ALU_LOGIC,327000
485,BITWISE_ALU_LOGIC,313900
486,BITWISE_ALU_LOGIC,313900
487,BITWISE_ALU_LOGIC,361200
488,BITWISE_ALU_LOGIC,355200
489,BITWISE_ALU_LOGIC,381400
490,BITWISE_ALU_LOGIC,320700
491,BITWISE_ALU_LOGIC,479800
492,BITWISE_ALU_LOGIC,335100
493,BITWISE_ALU_LOGIC,318600
494,BITWISE_ALU_LOGIC,318500
495,BITWISE_ALU_LOGIC,318400
496,BITWISE_ALU_LOGIC,317600
497,BITWISE_ALU_LOGIC,318000
498,BITWISE_ALU_LOGIC,349800
499,BITWISE_ALU_LOGIC,329100
500,BITWISE_ALU_LOGIC,317900
501,BITWISE_ALU_LOGIC,318100
502,BITWISE_ALU_LOGIC,319900
503,BITWISE_ALU_LOGIC,319800
504,BITWISE_ALU_LOGIC,369600
505,BITWISE_ALU_LOGIC,332500
506,BITWISE_ALU_LOGIC,322900
507,BITWISE_ALU_LOGIC,385300
508,BITWISE_ALU_LOGIC,337700
509,BITWISE_ALU_LOGIC,324500
510,BITWISE_ALU_LOGIC,349300
511,BITWISE_ALU_LOGIC,334700
512,BITWISE_ALU_LOGIC,324900
513,BITWISE_ALU_LOGIC,326900
514,BITWISE_ALU_LOGIC,336100
515,BITWISE_ALU_LOGIC,326400
516,BITWISE_ALU_LOGIC,327200
517,BITWISE_ALU_LOGIC,335900
518,BITWISE_ALU_LOGIC,324500
519,BITWISE_ALU_LOGIC,323900
520,BITWISE_ALU_LOGIC,324300
521,BITWISE_ALU_LOGIC,324100
522,BITWISE_ALU_LOGIC,358500
523,BITWISE_ALU_LOGIC,329100
524,BITWISE_ALU_LOGIC,321900
525,BITWISE_ALU_LOGIC,322100
526,BITWISE_ALU_LOGIC,322200
527,BITWISE_ALU_LOGIC,321600
528,BITWISE_ALU_LOGIC,321800
529,BITWISE_ALU_LOGIC,330500
530,BITWISE_ALU_LOGIC,323200
531,BITWISE_ALU_LOGIC,325800
532,BITWISE_ALU_LOGIC,323000
533,BITWISE_ALU_LOGIC,322900
534,BITWISE_ALU_LOGIC,338500
535,BITWISE_ALU_LOGIC,330200
536,BITWISE_ALU_LOGIC,322200
537,BITWISE_ALU_LOGIC,389600
538,BITWISE_ALU_LOGIC,385900
539,BITWISE_ALU_LOGIC,430700
540,BITWISE_ALU_LOGIC,324100
541,BITWISE_ALU_LOGIC,437000
542,BITWISE_ALU_LOGIC,339400
543,BITWISE_ALU_LOGIC,317500
544,BITWISE_ALU_LOGIC,322800
545,BITWISE_ALU_LOGIC,318400
546,BITWISE_ALU_LOGIC,355100
547,BITWISE_ALU_LOGIC,321300
548,BITWISE_ALU_LOGIC,329900
549,BITWISE_ALU_LOGIC,321300
550,BITWISE_ALU_LOGIC,320500
551,BITWISE_ALU_LOGIC,321100
552,BITWISE_ALU_LOGIC,320600
553,BITWISE_ALU_LOGIC,320500
554,BITWISE_ALU_LOGIC,327700
555,BITWISE_ALU_LOGIC,323600
556,BITWISE_ALU_LOGIC,319700
557,BITWISE_ALU_LOGIC,320000
558,BITWISE_ALU_LOGIC,330000
559,BITWISE_ALU_LOGIC,318700
560,BITWISE_ALU_LOGIC,326500
561,BITWISE_ALU_LOGIC,319800
562,BITWISE_ALU_LOGIC,319600
563,BITWISE_ALU_LOGIC,320100
564,BITWISE_ALU_LOGIC,323300
565,BITWISE_ALU_LOGIC,320200
566,BITWISE_ALU_LOGIC,327000
567,BITWISE_ALU_LOGIC,320000
568,BITWISE_ALU_LOGIC,332700
569,BITWISE_ALU_LOGIC,317700
570,BITWISE_ALU_LOGIC,360300
571,BITWISE_ALU_LOGIC,316500
572,BITWISE_ALU_LOGIC,327800
573,BITWISE_ALU_LOGIC,316700
574,BITWISE_ALU_LOGIC,318900
575,BITWISE_ALU_LOGIC,315400
576,BITWISE_ALU_LOGIC,315900
577,BITWISE_ALU_LOGIC,322400
578,BITWISE_ALU_LOGIC,322700
579,BITWISE_ALU_LOGIC,326800
580,BITWISE_ALU_LOGIC,319200
581,BITWISE_ALU_LOGIC,318700
582,BITWISE_ALU_LOGIC,318500
583,BITWISE_ALU_LOGIC,368100
584,BITWISE_ALU_LOGIC,318800
585,BITWISE_ALU_LOGIC,379200
586,BITWISE_ALU_LOGIC,321600
587,BITWISE_ALU_LOGIC,321500
588,BITWISE_ALU_LOGIC,587800
589,BITWISE_ALU_LOGIC,396100
590,BITWISE_ALU_LOGIC,387600
591,BITWISE_ALU_LOGIC,512300
592,BITWISE_ALU_LOGIC,322800
593,BITWISE_ALU_LOGIC,457500
594,BITWISE_ALU_LOGIC,329400
595,BITWISE_ALU_LOGIC,321900
596,BITWISE_ALU_LOGIC,327900
597,BITWISE_ALU_LOGIC,343600
598,BITWISE_ALU_LOGIC,323600
599,BITWISE_ALU_LOGIC,324600
